dataset	id	category	subtype	hops	source_count	evidence_count	distractor_count	temporal
babi	qa2-story1-q5	SUPPORT	task2	2	1	2	0	0
babi	qa2-story1-q8	SUPPORT	task2	2	1	2	0	0
babi	qa2-story1-q11	SUPPORT	task2	2	1	2	0	0
babi	qa2-story1-q14	SUPPORT	task2	2	1	2	0	0
babi	qa2-story1-q17	SUPPORT	task2	2	1	2	0	0
babi	qa2-story2-q7	SUPPORT	task2	2	1	2	0	0
babi	qa2-story2-q18	SUPPORT	task2	2	1	2	0	0
babi	qa2-story2-q21	SUPPORT	task2	2	1	2	0	0
babi	qa2-story2-q24	SUPPORT	task2	2	1	2	0	0
babi	qa2-story2-q27	SUPPORT	task2	2	1	2	0	0
babi	qa2-story3-q9	SUPPORT	task2	2	1	2	0	0
babi	qa2-story3-q12	SUPPORT	task2	2	1	2	0	0
babi	qa2-story3-q15	SUPPORT	task2	2	1	2	0	0
babi	qa2-story3-q18	SUPPORT	task2	2	1	2	0	0
babi	qa2-story3-q23	SUPPORT	task2	2	1	2	0	0
babi	qa2-story4-q17	SUPPORT	task2	2	1	2	0	0
babi	qa2-story4-q20	SUPPORT	task2	2	1	2	0	0
babi	qa2-story4-q23	SUPPORT	task2	2	1	2	0	0
babi	qa2-story4-q30	SUPPORT	task2	2	1	2	0	0
babi	qa2-story4-q33	SUPPORT	task2	2	1	2	0	0
babi	qa14-story1-q5	SUPPORT	task14	2	1	2	0	1
babi	qa14-story1-q8	SUPPORT	task14	2	1	2	0	1
babi	qa14-story1-q11	SUPPORT	task14	2	1	2	0	1
babi	qa14-story1-q14	SUPPORT	task14	2	1	2	0	1
babi	qa14-story1-q17	SUPPORT	task14	2	1	2	0	1
babi	qa14-story2-q5	SUPPORT	task14	2	1	2	0	1
babi	qa14-story2-q8	SUPPORT	task14	2	1	2	0	1
babi	qa14-story2-q11	SUPPORT	task14	2	1	2	0	1
babi	qa14-story2-q14	SUPPORT	task14	2	1	2	0	1
babi	qa14-story2-q17	SUPPORT	task14	2	1	2	0	1
babi	qa14-story3-q5	SUPPORT	task14	2	1	2	0	1
babi	qa14-story3-q8	SUPPORT	task14	2	1	2	0	1
babi	qa14-story3-q11	SUPPORT	task14	2	1	2	0	1
babi	qa14-story3-q14	SUPPORT	task14	2	1	2	0	1
babi	qa14-story3-q17	SUPPORT	task14	2	1	2	0	1
babi	qa14-story4-q5	SUPPORT	task14	2	1	2	0	1
babi	qa14-story4-q8	SUPPORT	task14	2	1	2	0	1
babi	qa14-story4-q11	SUPPORT	task14	2	1	2	0	1
babi	qa14-story4-q14	SUPPORT	task14	2	1	2	0	1
babi	qa14-story4-q17	SUPPORT	task14	2	1	2	0	1
hotpotqa	5a8b57f25542995d1e6f1371	SUPPORT	comparison	2	2	2	8	0
hotpotqa	viewer-arthurs-magazine	SUPPORT	comparison	2	2	2	8	0
hotpotqa	viewer-avedis-zildjian	SUPPORT	bridge	3	2	3	8	0
fever	62037	SUPPORT	SUPPORTS	1	1	1	0	0
fever	78526	REFUTE	REFUTES	1	1	1	0	0
fever	137637	NEI	NOT_ENOUGH_INFO	1	0	0	0	0
